INSERT INTO student values (1, 'John', 'Arran');
INSERT INTO student values (2, 'Aria', 'Stark');
INSERT INTO student values (3, 'Monica', 'Geller');
INSERT INTO student values (4, 'Ramsay', 'Bolton');
INSERT INTO student values (5, 'Brandon', 'Fletcher');
INSERT INTO student values (6, 'Mike', 'Hannigan');

INSERT INTO classes(id, student_id, class_name, class_grade) values (1, 1, 'Biology', 1);
INSERT INTO classes(id, student_id, class_name, class_grade) values (2, 2, 'Science', 1);
INSERT INTO classes(id, student_id, class_name, class_grade) values (3, 3, 'Math', 1);
INSERT INTO classes(id, student_id, class_name, class_grade) values (4, 4, 'Spanish', 2);
INSERT INTO classes(id, student_id, class_name, class_grade) values (5, 5, 'French', 2);
INSERT INTO classes(id, student_id, class_name, class_grade) values (6, 6, 'German', 2);
INSERT INTO classes(id, student_id, class_name, class_grade) values (7, 2, 'Physics', 3);
INSERT INTO classes(id, student_id, class_name, class_grade) values (8, 4, 'Chemistry', 3);
INSERT INTO classes(id, student_id, class_name, class_grade) values (9, 6, 'Arithmetic', 3);

INSERT INTO teacher(id, classes_id, firstname, lastname) values (1, 1, 'John', 'Wick');
INSERT INTO teacher(id, classes_id, firstname, lastname) values (2, 2, 'Tony', 'Stark');
INSERT INTO teacher(id, classes_id, firstname, lastname) values (3, 3, 'Steve', 'Rogers');
INSERT INTO teacher(id, classes_id, firstname, lastname) values (4, 4, 'Wanda', 'Maxed');
INSERT INTO teacher(id, classes_id, firstname, lastname) values (5, 5, 'Don', 'Benson');
INSERT INTO teacher(id, classes_id, firstname, lastname) values (6, 6, 'Steve', 'Carrel');
INSERT INTO teacher(id, classes_id, firstname, lastname) values (7, 7, 'Chris', 'Pine');
INSERT INTO teacher(id, classes_id, firstname, lastname) values (8, 8, 'Pamela', 'Anderson');
INSERT INTO teacher(id, classes_id, firstname, lastname) values (9, 9, 'Kristy', 'Allen');




